テキスト,リンク
ETC障害料金所 そのまま通過して,
花粉 7日は東京など広く大量飛散,
能登「震災語り部観光列車」出発,
兵庫県議2人に中傷メール 1万件超,
アイス購入も注意 女性1人暮らし,
親は岸谷五朗と香 負け知った受験,
柔道決勝で両者反則負け 優勝なし,
勝利目前で朗希降板の訳 監督説明,
かわいい行列,
"【ワークマン】“1,900円パンツ”が超便利…！あまりの優秀さに「快適に過ごせる」「ワイドなシルエットが格好良い」の声も！",
松嶋菜々子ら“家族ショット”に反響「全員美形すぎる」「子どもたちも可愛い」,
「全休となる」大谷翔平所属のドジャース、投手がまさかの今季絶望に！？　米メディア「非常に辛い状況に…」,
上沼恵美子、中居正広氏に激怒「クズやな！」「女をモノ扱いにして」「最悪やわ」,
やっと出た！中日、12球団オーラスの今季1号本塁打　開幕9戦目、3―4の4回に細川が同点ソロ,
中居正広「白髪ロン毛」の衝撃…“完全隠居”3カ月のなれの果て,
結婚7年目の超大物カップル、激レアな最新2ショットにネット騒然「こんな2ショット待ってました」,
東野幸治、被害女性アナの上司アナの名誉回復を願う　役職一致「Ｆアナ」、ワイドナ最終回も不在,
最強だと思う「回転寿司チェーン」ランキング！　第2位は「くら寿司」、第1位は？,
双子妊娠が判明。しかし、医者「…ん？」まさかの事実に→「すごい奇跡」「可愛いの極値」「素敵なエピソード」,
国道で大型バイク衝突、男性死亡　4人でツーリング中　君津,
32歳がコンテストで披露したモデル並みのスタイル　2年前までは意外にも「週の半分は家系ラーメン」,
【ケンタッキー】“限定クリスピー”が最高すぎる…！SNSでは「大当たりすぎる」「おすすめ」の声も！,
26歳で結婚＆起業、着物をはだけさせての凄絶な絡み、“17歳下の息子”に迫ったことも…「極妻」とは程遠い、岩下志麻（84）の“実はおっとり”な人生,
「埼玉のラーメン店」人気ランキング！　2位は「オランダ軒」、1位は？【2025年4月1日時点の評価／ラーメンデータベース】,
中央道・東名などでシステム障害…ETCレーン利用できず　渋滞など影響も　復旧メドたたず,
55歳を感じさせないミニスカ姿、ツアー初日終了を報告　ファン「ますます可愛くなって　素敵すぎる！」「若々しくって変わらない」,
３７歳・穴井詩、２年ぶり６勝目「３０代、元気よく頑張りたい」　４２歳・全美貞とのプレーオフ制す,
広瀬すず「寝れなかったもん」　どハマリした韓国ドラマ「あれ、やばいよね」「何、このストーリー」,
和田アキ子、公式ガイド本を突然パラパラ→勝俣州和、大慌てで立ちはだかる「中は映せない！」,
子どもを入学させたい「埼玉県の私立高校」ランキング！　2位は「早稲田大学本庄高等学院」、1位は？,
長野県南部で地震　高森町で震度2を観測,
「絆が強そうなSTARTO社グループ」ランキング、timeleszを抑えた「不祥事の会見で絆」グループ【総合順位】,
【大阪杯】穴党が喜ぶ大波乱のサイン？　単勝５倍以上の１番人気馬が出現したＧⅠレースを振り返る,
4月最速！見逃せない新作「韓国ドラマ」おすすめランキング,
センバツ出場の二松学舎大付が完封負けで悔しい都大会初戦敗退…3年連続で夏はノーシードに,
「恥を知れ」「弱すぎる」アジア強豪が北朝鮮とまさかの１－１ドローで辛辣批判！「日本には勝てない」【U-17アジア杯】,
国内最大映画情報サービスが「2025冬アニメ満足度TOP10」発表！　『メダリスト』ら強敵抑えた1位は…？,
「オルカン」「S&P500」は絶対におすすめしない…森永卓郎さん「いますぐ新NISAをやめなさい」と語った真意,
家を出て行った妻子を連れ戻そうと、義母のもとへ訪れると→「どうしたの？」予想外の反応に「え？え？なんで？」,
【日本ハム】前日“11失点”の投手陣は3人入れ替え　山本拓実と松岡洸希が抹消　生田目翼が昇格,
「これは服なのか？」金髪美女レスラー同士が口汚いマイクパフォ→“奇抜すぎる衣装”にしか目が行かないと話題に「バカデカい首輪」「どういうファッション」,
【ファミリーマート】ファミマのちいかわやっと見つけた！気になる中身と使用感レビュー【ちいかわグッズ】,
【F1日本GP】フェルスタッペンとランド・ノリス、あわや接触！,
まんまるお目々の子猫が、成長した結果…貫禄たっぷりの『劇的なビフォーアフター』が51万表示「虚無顔でもかわいい」「迫力あるね」,
やす子が明かす結婚観「35歳までには…」絶対“ダメ”な相手の職業も「めちゃくちゃ口軽い」,
史上最も視聴者を困惑させた大河ドラマは？ 伝説の迷場面（3）なぜいきなり脱いだ…？ お茶の間騒然の一幕は？,
芸能界引退から20年…51歳の元アイドル、現在は“日本のお母さん”に「経験を生かせる仕事です」,
ブロッコリーはゆでない　１０分レシピに「この発想はなかった」「試してみる」,
京都府で「一人暮らししたい」と思う市区町村はどこ？　3エリアを紹介！,
「おから工事」にタイ首相が怒り心頭、「地震で倒壊した唯一のビル」を手掛けた中国企業は一帯一路の中核企業だった,
「何色に塗る？」あなたは“感情の起伏が激しい人か”がわかる【心理テスト】,
ビジネスマンも愛用！ワークマン「遮熱遮光ワンタッチ日傘」驚きの2300円。高機能で日差しも雨もガード,
大好きだったおじいちゃんが亡くなったら、犬が…涙腺崩壊する『まさかの行動』に1万いいね集まる「ちゃんと分かってる」「涙止まらん」と感動,
モーニング娘。初代～黄金期のメンバー人気順ランキング,
工夫して5秒で計算してみて！「9+(8−7)÷5」→5秒でチャレンジ,
濱家隆一　毎日飲酒＆飲み会後も1人ハシゴ　疲れとれず「睡眠というより気絶」,
12球団唯一の本塁打ゼロの中日…二軍で無双する4年目の大砲候補,
【速報】B2鹿児島レブナイズ、「九州ダービー」2度延長の末勝利　ホームで熊本に93-89,
浜崎あゆみ46歳、「カッコ可愛い」抜群のスタイル際立つリハショット　ファン興奮「永遠の推し」,
地域情報,
運行情報,
お知らせ,
